IP,Pa√≠s
10.16.54.100,Desconocido
10.16.54.109,Desconocido
10.16.54.129,Desconocido
10.16.54.135,Desconocido
10.16.54.140,Desconocido
10.16.54.2,Desconocido
10.16.54.29,Desconocido
10.16.54.6,Desconocido
12.125.74.138,US
12.166.24.72,US
12.47.192.116,US
121.247.249.111,IN
125.130.3.142,KR
125.23.48.146,IN
125.76.238.162,CN
128.125.48.35,US
128.242.113.131,US
128.242.113.132,US
128.63.2.53,US
128.8.10.90,US
130.13.177.62,US
130.239.5.114,NL
139.91.1.20,NL
149.156.1.6,NL
151.198.0.39,EU
157.22.13.82,US
157.25.5.67,NL
165.21.86.113,AU
165.21.86.49,AU
166.102.254.9,US
167.206.251.82,US
168.61.5.199,US
168.61.5.26,US
168.95.1.48,AU
170.94.1.1,US
172.31.1.197,Desconocido
192.112.36.4,US
192.12.94.30,US
192.12.94.31,US
192.12.94.32,US
192.134.0.49,NL
192.203.230.10,US
192.228.79.200,US
192.228.79.201,US
192.228.79.202,US
192.26.92.30,US
192.26.92.31,US
192.26.92.32,US
192.31.80.30,US
192.31.80.31,US
192.31.80.32,US
192.33.14.30,US
192.33.4.12,US
192.35.51.30,US
192.35.51.31,US
192.35.51.32,US
192.36.125.2,NL
192.36.125.53,NL
192.36.133.107,NL
192.36.135.107,NL
192.36.144.107,NL
192.36.148.17,NL
192.41.162.30,US
192.41.162.31,US
192.41.162.32,US
192.42.93.30,US
192.42.93.31,US
192.42.93.32,US
192.43.172.30,US
192.48.79.30,US
192.5.5.241,US
192.5.6.30,US
192.5.6.31,US
192.5.6.32,US
192.50.43.53,AU
192.52.178.30,US
192.54.112.30,US
192.55.83.30,US
192.55.83.32,US
192.58.128.30,US
193.0.0.195,NL
193.0.14.129,NL
193.108.91.137,EU
193.108.91.2,EU
193.108.91.3,EU
193.108.91.42,EU
193.108.94.88,EU
193.109.24.33,IS
193.171.255.47,AT
193.59.201.24,PL
193.59.201.28,PL
193.59.201.29,PL
193.64.205.209,FI
193.64.205.210,FI
193.75.110.74,NO
193.90.144.98,NO
194.100.0.100,FI
194.146.106.22,SE
194.149.231.137,PL
194.177.224.7,gl
194.204.158.242,PL
194.204.159.17,PL
194.204.159.19,PL
194.216.120.16,GB
194.216.125.5,GB
194.242.61.66,IT
194.25.0.60,DE
194.25.0.68,DE
194.27.13.195,TR
194.72.238.4,GB
195.114.1.252,PL
195.116.213.34,PL
195.128.113.229,PL
195.149.84.10,GB
195.149.84.32,GB
195.156.127.62,FI
195.187.244.4,PL
195.187.244.8,PL
195.187.245.44,PL
195.187.245.51,PL
195.187.254.161,PL
195.205.249.130,PL
195.38.32.2,RU
195.47.75.55,CZ
195.70.130.19,CZ
195.89.170.18,GB
196.202.83.56,EG
198.32.64.12,US
198.41.0.4,US
199.43.0.195,US
199.7.49.30,US
200.103.150.218,BR
200.130.25.17,BR
200.130.25.19,Desconocido
200.130.31.5,BR
200.130.77.69,Desconocido
200.143.193.3,Desconocido
200.160.0.10,BR
200.165.104.39,BR
200.176.2.10,BR
200.19.215.1,BR
200.19.215.2,BR
200.209.30.5,BR
200.237.192.1,BR
200.237.192.2,BR
200.33.148.196,MX
200.33.148.202,MX
200.57.129.3,MX
200.62.55.253,Desconocido
200.80.42.118,Desconocido
200.80.43.6,AR
201.235.108.18,AR
201.6.0.108,BR
202.100.109.213,CN
202.102.192.71,CN
202.102.199.92,CN
202.102.4.141,CN
202.106.0.100,CN
202.106.0.101,CN
202.106.0.104,CN
202.106.0.105,CN
202.106.0.107,CN
202.107.228.35,CN
202.12.27.33,JP
202.12.28.140,JP
202.12.29.59,AU
202.219.252.120,JP
202.222.19.125,JP
202.228.128.139,JP
202.54.6.55,IN
202.9.145.6,IN
202.93.77.230,JP
202.93.77.231,JP
202.96.136.204,CN
202.96.64.67,CN
202.96.64.71,CN
202.96.64.72,CN
202.97.238.204,CN
202.99.166.43,CN
202.99.166.44,CN
202.99.186.183,CN
202.99.186.186,CN
203.127.86.100,SG
203.141.44.127,JP
203.162.0.181,vn
203.162.57.106,VN
203.208.120.131,AU
203.210.155.189,VN
203.216.227.209,JP
203.216.227.210,JP
203.216.243.171,JP
203.216.243.172,JP
203.216.243.173,JP
203.216.247.181,JP
203.216.247.182,JP
203.86.47.18,CN
203.87.187.158,PH
204.13.160.15,US
204.13.161.15,US
204.13.249.82,US
204.13.250.82,US
204.152.184.64,US
204.152.184.70,US
204.16.252.8,US
205.158.107.129,US
205.188.158.133,US
205.209.179.14,US
205.210.42.19,CA
206.132.100.105,US
206.191.0.200,CA
206.191.0.223,CA
206.191.0.224,CA
206.191.0.249,CA
206.24.172.39,US
207.150.178.78,NL
207.218.223.94,US
207.246.104.23,US
207.44.176.14,US
207.46.66.126,US
207.68.160.190,US
207.91.61.72,US
208.45.133.230,US
208.45.133.231,US
209.133.228.11,CA
209.200.131.4,US
209.200.151.4,US
209.254.20.172,Desconocido
209.254.20.173,Desconocido
209.86.63.205,US
209.92.188.201,US
210.153.0.130,JP
210.181.1.24,KR
210.220.163.79,KR
210.5.192.61,HK
210.51.170.67,CN
210.80.243.9,JP
211.100.33.61,CN
211.136.107.165,CN
211.14.12.10,JP
211.233.89.108,KR
211.41.128.70,KR
211.41.128.71,KR
211.72.249.201,TW
212.103.160.18,EU
212.122.1.2,RU
212.122.26.3,RU
212.126.28.169,PL
212.14.1.62,PL
212.14.63.195,PL
212.162.1.102,de
212.162.20.101,DE
212.162.20.45,PL
212.187.162.134,GB
212.187.244.39,GB
212.191.132.126,PL
212.244.242.212,PL
212.244.52.161,PL
212.27.37.8,FR
212.76.32.39,PL
212.79.255.28,DE
213.138.110.132,GB
213.144.110.130,TR
213.155.150.206,SE
213.168.112.60,DE
213.172.174.70,PL
213.199.144.151,IE
213.218.118.26,PL
213.221.104.95,DE
213.254.204.196,IE
213.254.204.197,IE
213.254.244.5,DE
213.36.80.9,FR
213.52.240.241,GB
216.129.100.3,US
216.148.216.82,Desconocido
216.163.188.153,US
216.168.31.53,US
216.17.111.43,US
216.17.3.121,US
216.183.108.116,US
216.22.10.106,US
216.235.7.66,CA
216.239.53.9,US
216.254.95.2,US
216.52.121.240,US
216.52.46.185,US
216.66.37.12,US
217.17.45.151,PL
217.70.177.40,FR
217.98.63.165,PL
217.98.63.167,PL
217.98.63.171,PL
218.13.50.229,CN
218.13.50.252,CN
218.168.87.189,TW
218.26.191.171,CN
219.146.2.67,CN
219.250.36.145,KR
220.179.62.38,CN
220.189.243.146,CN
220.73.220.4,KR
221.12.113.247,CN
221.192.106.12,CN
221.208.208.212,CN
221.208.208.91,CN
221.208.208.92,CN
222.252.140.139,vn
24.177.176.36,US
24.177.176.38,US
24.178.80.36,US
24.196.252.61,US
24.83.250.40,CA
35.52.216.193,US
59.23.118.50,KR
60.11.125.47,CN
60.16.128.254,CN
61.107.168.199,KR
61.129.92.216,CN
61.135.158.211,CN
61.135.158.31,CN
61.135.158.34,CN
61.136.186.46,CN
61.138.137.10,CN
61.141.141.254,CN
61.147.37.17,CN
61.147.37.19,CN
61.147.37.21,CN
61.177.7.20,CN
61.177.7.23,CN
61.177.7.27,CN
61.48.43.161,CN
62.121.117.72,RO
62.129.253.44,PL
62.181.128.1,DE
62.181.128.2,DE
62.189.58.236,GB
62.206.19.150,DE
62.233.128.22,PL
62.233.181.98,PL
62.4.17.69,FR
62.90.42.1,IL
63.208.196.92,US
63.208.196.93,US
63.209.170.136,US
63.209.3.132,US
63.69.63.49,US
64.131.234.41,US
64.20.41.162,US
64.202.161.97,US
64.202.161.98,US
64.233.179.9,US
64.246.100.1,US
64.45.205.2,US
64.59.135.143,CA
64.59.135.145,CA
64.59.144.19,CA
64.59.144.90,CA
64.59.144.91,CA
64.59.184.13,CA
64.59.184.15,CA
64.71.160.10,US
65.175.65.230,US
65.54.240.126,US
65.55.212.218,US
65.55.238.11,US
65.55.238.12,US
65.55.238.126,US
65.55.238.57,US
65.55.238.60,US
65.74.168.211,US
65.75.185.60,US
66.109.16.3,US
66.109.16.4,US
66.109.23.47,US
66.150.2.51,US
66.178.2.25,US
66.179.112.115,US
66.179.160.115,US
66.246.118.194,US
66.246.118.195,US
66.249.65.65,US
66.249.72.45,US
66.45.225.10,US
66.75.164.90,US
66.98.161.195,US
68.146.140.49,CA
68.168.75.158,US
68.168.78.4,US
68.237.161.37,US
68.237.161.38,US
68.87.64.149,US
68.87.71.228,US
68.87.73.243,US
68.87.75.197,US
69.0.220.85,US
69.25.212.129,US
69.25.212.130,US
69.25.212.131,US
69.27.151.4,US
69.34.70.2,US
69.60.110.96,US
70.120.210.29,US
70.68.205.166,CA
70.84.105.110,US
70.84.157.228,US
70.86.196.66,US
71.146.22.111,US
71.172.234.136,US
71.250.0.36,US
71.250.0.38,US
71.31.67.128,US
72.14.221.95,US
72.232.188.26,US
72.29.91.114,US
72.30.177.72,US
72.30.177.83,US
72.30.177.97,US
72.30.226.171,US
72.36.171.114,US
72.36.190.2,US
72.90.220.194,US
74.134.1.164,US
74.134.1.166,US
74.6.68.219,US
74.6.69.81,US
74.6.70.50,US
74.6.74.33,US
74.6.74.35,US
74.6.74.74,US
74.6.75.32,US
74.6.75.38,US
74.6.75.48,US
74.6.86.121,US
74.6.86.173,US
74.6.86.74,US
74.6.87.124,US
74.6.87.40,US
75.39.58.15,US
8.10.120.246,US
80.202.66.121,NO
80.249.0.18,EU
80.48.177.10,PL
80.50.50.10,PL
80.50.50.100,PL
80.53.164.186,PL
80.55.205.178,PL
81.15.190.115,PL
81.219.165.18,PL
81.220.201.242,FR
81.228.10.57,SE
81.228.11.57,SE
81.52.250.134,FR
82.53.187.212,IT
82.96.75.12,DE
83.170.69.54,GB
83.24.163.2,PL
83.242.95.3,PL
84.177.222.18,DE
84.77.114.176,es
85.128.13.35,PL
85.128.40.3,PL
87.78.86.145,DE
88.208.217.5,GB
88.238.4.173,tr
89.106.22.3,US
89.106.24.78,US
89.202.157.132,GB
